"0","library(tidyverse)"
"0","library(janitor)"
"2","
Attaching package: ‘janitor’

"
"2","The following objects are masked from ‘package:stats’:

    chisq.test, fisher.test

"
"0","library(here)"
"2","Warning:"
"2"," package ‘here’ was built under R version 4.1.3
"
"2","here() starts at C:/Users/John/Documents/CodeClan/CC_PDA2_G1/group_project_john_hios/phs_db
"
"0","library(lubridate)"
"2","
Attaching package: ‘lubridate’

"
"2","The following objects are masked from ‘package:base’:

    date, intersect, setdiff, union

"
"0","library(ggthemes)"
"2","Warning:"
"2"," package ‘ggthemes’ was built under R version 4.1.3
"
